path,description
results/charts/eda_ds1_class_distribution.png,"EDA of Dataset 1 (Sentiment Analysis for Mental Health, 53,043 posts): bar chart of the seven raw class labels showing strong imbalance — Normal (16,351) and Depression (15,404) dominate while Personality disorder (1,201) and Stress (2,669) are rare, motivating label unification and class-weighted training."
results/charts/eda_ds1_text_length.png,"EDA of Dataset 1: distribution of post lengths (words per post) showing a long right tail; the bulk of posts fit within a 128-token window, which was adopted as the sequence length for all deep learning and transformer models."
results/charts/eda_ds2_class_distribution.png,"EDA of Dataset 2 (Depression Reddit Cleaned, 7,731 posts): bar chart of the binary labels showing a nearly balanced split — Depression (3,831) vs Non-Depression (3,900), the latter mapped to the Normal class during merging."
results/charts/eda_ds2_text_length.png,"EDA of Dataset 2: distribution of post lengths for the Reddit depression dataset, used together with Dataset 1 lengths to choose the 128-token input limit."
results/charts/model_comparison_bar.png,"Grouped bar chart comparing accuracy and macro-F1 of all six models on the held-out test set (n = 7,106): fine-tuned BERT leads (83.4% / 0.841), followed by XGBoost, Logistic Regression, CNN, frozen BERT and BiLSTM."
results/charts/model_comparison_radar.png,"Radar chart of the same six-model comparison (accuracy and macro-F1 axes), giving a compact visual of how far the fine-tuned BERT extends beyond every baseline."
results/charts/confusion_bert.png,"Row-normalised confusion matrix of the fine-tuned BERT on the test set: cleanest diagonal of all models; the dominant residual error is the clinically overlapping Depression ↔ Suicidal pair, while Normal is almost perfectly separated (F1 0.953)."
results/charts/confusion_xgboost.png,"Row-normalised confusion matrix of XGBoost (TF-IDF features) on the test set — the strongest classical baseline (77.2% accuracy); shows heavier Depression ↔ Suicidal confusion than the fine-tuned BERT."
results/charts/confusion_logistic_regression.png,"Row-normalised confusion matrix of Logistic Regression (TF-IDF features) on the test set (76.7% accuracy), performing close to XGBoost with a similar error pattern."
results/charts/confusion_cnn.png,"Row-normalised confusion matrix of the CNN text classifier on the test set (73.3% accuracy), the stronger of the two deep learning baselines."
results/charts/confusion_bilstm.png,"Row-normalised confusion matrix of the BiLSTM on the test set (64.1% accuracy), the weakest model in the comparison, with substantial confusion across the mental-health classes."
results/charts/training_curve_cnn.png,"CNN training curves: training loss and validation metrics per epoch, used to monitor convergence and select the training budget for the CNN baseline."
results/charts/training_curve_bilstm.png,"BiLSTM training curves: training loss and validation metrics per epoch, showing slower and weaker convergence than the CNN."
results/charts/shap_global_importance.png,"Global SHAP token importance for the fine-tuned BERT: mean absolute SHAP value per token per class, aggregated over a stratified sample of 100 test posts (20 per class); surfaces the clinically salient vocabulary each class relies on."
results/charts/shap_individual_per_class.png,"Five SHAP explanations from the fine-tuned BERT — one correctly predicted test post per class — showing which tokens pushed the probability toward (green) or away from (red) the predicted class."
results/charts/lime_individual_per_class.png,"Five LIME explanations from the fine-tuned BERT — the same one-post-per-class examples — showing word-level weights from LIME's local linear surrogate for the predicted class."
results/charts/shap_vs_lime_comparison.png,"Side-by-side SHAP and LIME explanation of the identical depression-related example text through the same fine-tuned BERT, illustrating that both methods highlight overlapping evidence (e.g. 'hopeless', 'pointless') while differing in granularity (sub-word spans vs whole words)."
